{
    "config": {
        "cv": "StratifiedKFold(n_splits=3, random_state=22, shuffle=True)",
        "error_score": "raise",
        "estimator__alpha": 1.0,
        "estimator__max_iter": 1000,
        "estimator__verbose": 0,
        "n_jobs": -1,
        "param_grid": [
            {
                "alpha": [
                    0.001,
                    0.01,
                    0.1,
                    1,
                    10,
                    100,
                    1000
                ],
                "max_iter": [
                    1000,
                    2000,
                    3000,
                    5000
                ]
            }
        ],
        "pre_dispatch": "2*n_jobs",
        "refit": true,
        "return_train_score": false,
        "verbose": 0,
        "estimator_name": "logisticit",
        "dataset": "toy",
        "random_state": 22
    },
    "results_path": "logisticit/logisticit_rs22/toy/logisticit_resample22_0.pkl",
    "results_md5sum": "0c9a4ca45a91ed6852418d191772824a"
}