{
    "config": {
        "cv": "StratifiedKFold(n_splits=3, random_state=4, shuffle=True)",
        "error_score": "raise",
        "estimator__alpha": 1.0,
        "estimator__max_iter": 1000,
        "estimator__verbose": 0,
        "n_jobs": -1,
        "param_grid": [
            {
                "alpha": [
                    0.001,
                    0.01,
                    0.1,
                    1,
                    10,
                    100,
                    1000
                ],
                "max_iter": [
                    1000,
                    2000,
                    3000,
                    5000
                ]
            }
        ],
        "pre_dispatch": "2*n_jobs",
        "refit": true,
        "return_train_score": false,
        "verbose": 0,
        "estimator_name": "logisticit",
        "dataset": "toy",
        "random_state": 4
    },
    "results_path": "logisticit/logisticit_rs4/toy/logisticit_resample4_0.pkl",
    "results_md5sum": "f89cc6e53e8f5cc38ced4759aac29b20"
}