{
    "config": {
        "cv": "StratifiedKFold(n_splits=3, random_state=14, shuffle=True)",
        "error_score": "raise",
        "estimator__C": 1.0,
        "estimator__class_weight": null,
        "estimator__dual": false,
        "estimator__fit_intercept": true,
        "estimator__intercept_scaling": 1,
        "estimator__l1_ratio": null,
        "estimator__max_iter": 100,
        "estimator__multi_class": "auto",
        "estimator__n_jobs": null,
        "estimator__penalty": "l2",
        "estimator__random_state": 14,
        "estimator__solver": "lbfgs",
        "estimator__tol": 0.0001,
        "estimator__verbose": 0,
        "estimator__warm_start": false,
        "n_jobs": -1,
        "param_grid": [
            {
                "C": [
                    0.001,
                    0.01,
                    0.1,
                    1,
                    10,
                    100,
                    1000
                ],
                "max_iter": [
                    1000,
                    2000,
                    3000,
                    5000
                ],
                "class_weight": [
                    "balanced"
                ]
            }
        ],
        "pre_dispatch": "2*n_jobs",
        "refit": true,
        "return_train_score": false,
        "verbose": 0,
        "estimator_name": "logisticregressor",
        "dataset": "toy",
        "random_state": 14
    },
    "results_path": "logisticregressor/logisticregressor_rs14/toy/logisticregressor_resample14_0.pkl",
    "results_md5sum": "0af047e91a27728a46a67a5325e89707"
}